{"train_loss": [2.9715421199798584, 2.8314871788024902, 2.8211472034454346, 2.8202836513519287, 2.8197436332702637, 2.819190740585327, 2.8190362453460693, 2.8187758922576904, 2.8186697959899902, 2.818483591079712], "train_acc": [0.6880304054054054, 0.8248445945945946, 0.8346891891891892, 0.835320945945946, 0.8356925675675676, 0.8360777027027027, 0.8361621621621622, 0.8362939189189189, 0.8363648648648648, 0.8365067567567568]}