{"train_loss": [2.9593262672424316, 2.873975992202759, 2.8221802711486816, 2.8114335536956787, 2.7940540313720703, 2.7935240268707275, 2.7934024333953857, 2.793363571166992, 2.7932868003845215, 2.7930681705474854], "train_acc": [0.698777027027027, 0.7819222972972973, 0.8337533783783784, 0.8443716216216216, 0.8617094594594594, 0.8621554054054054, 0.86225, 0.8623006756756757, 0.862331081081081, 0.8625608108108108]}