{"train_loss": [0.11107423156499863, 0.01720356196165085, 0.011458979919552803, 0.009488051757216454, 0.007488924544304609, 0.006908068433403969, 0.006137817166745663, 0.006035055033862591, 0.005138766020536423, 0.004879446234554052], "train_acc": [0.9694662162162162, 0.9947364864864865, 0.9963716216216216, 0.9972297297297297, 0.9976486486486487, 0.9979966216216216, 0.9982466216216216, 0.998375, 0.9986047297297297, 0.9986418918918919]}