{"train_loss": [3.1361799240112305, 2.9605906009674072, 2.9051873683929443, 2.897404909133911, 2.887761354446411, 2.868358612060547, 2.8652703762054443, 2.8647196292877197, 2.85770320892334, 2.8451340198516846], "train_acc": [0.5280574324324324, 0.7005641891891892, 0.7544222972972973, 0.7610168918918919, 0.7704560810810811, 0.7896655405405405, 0.7926587837837837, 0.7931182432432432, 0.7998547297297297, 0.8125168918918919]}