{"train_loss": [2.864316463470459, 2.797294855117798, 2.7966904640197754, 2.797430992126465, 2.796234369277954, 2.797873020172119, 2.7978367805480957, 2.7978110313415527, 2.799180030822754, 2.797546148300171], "train_acc": [0.7921486486486486, 0.8589222972972973, 0.8595506756756757, 0.8588378378378378, 0.8600304054054054, 0.8583885135135135, 0.8584121621621622, 0.8584391891891892, 0.8570709459459459, 0.8586993243243243]}