{"train_loss": [2.9215989112854004, 2.797147035598755, 2.7678043842315674, 2.767392635345459, 2.76788592338562, 2.7675042152404785, 2.7404794692993164, 2.7402772903442383, 2.7407522201538086, 2.739832639694214], "train_acc": [0.7347432432432432, 0.858804054054054, 0.8880675675675676, 0.8883209459459459, 0.8879358108108109, 0.8879966216216216, 0.9153581081081081, 0.9155540540540541, 0.9150472972972973, 0.9159932432432433]}