{"train_loss": [2.887298107147217, 2.7731592655181885, 2.7663822174072266, 2.7634055614471436, 2.7629201412200928, 2.762427806854248, 2.7626869678497314, 2.762295722961426, 2.7614593505859375, 2.7621779441833496], "train_acc": [0.7729256756756757, 0.8838851351351351, 0.8903040540540541, 0.893125, 0.8934121621621621, 0.8939121621621622, 0.8936081081081081, 0.8939864864864865, 0.8947837837837838, 0.8940472972972973]}