{"train_loss": [2.9074130058288574, 2.766735076904297, 2.7414355278015137, 2.7145397663116455, 2.7139010429382324, 2.716343402862549, 2.7151265144348145, 2.713944435119629, 2.7141003608703613, 2.714555501937866], "train_acc": [0.7489729729729729, 0.8892331081081081, 0.9144493243243244, 0.9415304054054054, 0.9421959459459459, 0.9396587837837838, 0.9408783783783784, 0.9420405405405405, 0.9418986486486487, 0.9414628378378378]}