{"train_loss": [2.9939310550689697, 2.739351749420166, 2.6981916427612305, 2.6865694522857666, 2.686725616455078, 2.6865105628967285, 2.686586618423462, 2.687091588973999, 2.6866519451141357, 2.6868975162506104], "train_acc": [0.6637972972972973, 0.9177668918918919, 0.958972972972973, 0.9706554054054054, 0.9704459459459459, 0.970706081081081, 0.9705878378378379, 0.9701182432432433, 0.9705304054054054, 0.9703040540540541]}