{"train_loss": [3.059326171875, 2.962258815765381, 2.9256556034088135, 2.8839502334594727, 2.8626723289489746, 2.845712184906006, 2.8451907634735107, 2.8453421592712402, 2.8448753356933594, 2.844776153564453], "train_acc": [0.597375, 0.6933074324324324, 0.7295472972972973, 0.7710067567567568, 0.7920371621621621, 0.8089222972972973, 0.8093378378378379, 0.8090675675675676, 0.8095202702702703, 0.8095]}