{"train_loss": [3.0153610706329346, 2.9272773265838623, 2.8617570400238037, 2.8232076168060303, 2.743319511413574, 2.715944528579712, 2.712470531463623, 2.7120349407196045, 2.7118113040924072, 2.7117373943328857, 2.711552381515503, 2.711387872695923, 2.7113196849823, 2.68546462059021, 2.6847140789031982, 2.6846818923950195, 2.6845664978027344, 2.6844801902770996, 2.6844537258148193, 2.684459924697876], "train_acc": [0.6545540540540541, 0.7300506756756757, 0.7952601351351352, 0.8336993243243244, 0.9141317567567567, 0.9414358108108108, 0.9446891891891892, 0.9449324324324324, 0.9451452702702703, 0.945125, 0.9452702702702702, 0.9453918918918919, 0.9454087837837838, 0.9717398648648649, 0.9724493243243243, 0.9724493243243243, 0.972570945945946, 0.9726148648648648, 0.9726486486486486, 0.972625]}