{"train_loss": [3.042872428894043, 2.8768439292907715, 2.821991205215454, 2.7825796604156494, 2.7407844066619873, 2.740363597869873, 2.7399866580963135, 2.7398531436920166, 2.7399158477783203, 2.739684581756592], "train_acc": [0.6137195945945946, 0.7783175675675675, 0.8330472972972973, 0.8727263513513513, 0.9148986486486487, 0.9153378378378378, 0.9155945945945946, 0.9156824324324324, 0.9155337837837838, 0.9157736486486486]}