{"train_loss": [3.0863959789276123, 2.9330668449401855, 2.87429141998291, 2.8732337951660156, 2.8390965461730957, 2.819270372390747, 2.8185782432556152, 2.8185226917266846, 2.813579797744751, 2.7937796115875244], "train_acc": [0.5699459459459459, 0.7224324324324324, 0.7815506756756757, 0.7822364864864865, 0.816375, 0.8361418918918919, 0.8366385135135135, 0.8365506756756756, 0.8415067567567568, 0.8615168918918918]}