{"train_loss": [3.099669933319092, 2.9884626865386963, 2.808661937713623, 2.7070538997650146, 2.6828041076660156, 2.660593271255493, 2.6607396602630615, 2.661155939102173, 2.6607460975646973, 2.6603240966796875, 2.660259246826172, 2.660273313522339, 2.6610312461853027, 2.660449981689453, 2.660127878189087, 2.6603076457977295, 2.660548210144043, 2.661024332046509, 2.661513566970825, 2.660261392593384], "train_acc": [0.558125, 0.6662905405405405, 0.848972972972973, 0.9512837837837838, 0.9756689189189189, 0.9980912162162162, 0.9979222972972973, 0.9975, 0.9978851351351351, 0.9982939189189189, 0.998375, 0.9983445945945946, 0.9975641891891892, 0.9981587837837838, 0.9984797297297298, 0.9983175675675676, 0.9980878378378378, 0.9975810810810811, 0.9971047297297297, 0.9983547297297297]}