{"train_loss": [2.9636151790618896, 2.8325865268707275, 2.8162388801574707, 2.7936885356903076, 2.793076276779175, 2.780777931213379, 2.765775680541992, 2.765795946121216, 2.7654755115509033, 2.765190839767456], "train_acc": [0.6947871621621622, 0.8236655405405405, 0.8397398648648648, 0.8623547297297297, 0.8628277027027027, 0.8751047297297297, 0.8901858108108108, 0.8900472972972973, 0.8903378378378378, 0.8905574324324325]}