{"train_loss": [3.099776268005371, 2.8955180644989014, 2.8774430751800537, 2.8701343536376953, 2.8671000003814697, 2.8666107654571533, 2.866680145263672, 2.8664965629577637, 2.867701530456543, 2.8681411743164062], "train_acc": [0.5594391891891892, 0.762125, 0.7792702702702703, 0.7863310810810811, 0.7892094594594594, 0.7896824324324324, 0.789597972972973, 0.7898040540540541, 0.7885472972972973, 0.7881587837837838]}