{"train_loss": [2.960094451904297, 2.9088053703308105, 2.907597541809082, 2.906834840774536, 2.906083583831787, 2.9075841903686523, 2.9080357551574707, 2.908931016921997, 2.9070136547088623, 2.908942699432373], "train_acc": [0.6970743243243244, 0.7473141891891892, 0.7485371621621622, 0.7493918918918919, 0.7501655405405405, 0.7486621621621622, 0.7482094594594595, 0.7473074324324325, 0.7492297297297297, 0.7472804054054054]}