{"train_loss": [0.10241593420505524, 0.016336020082235336, 0.01086010504513979, 0.009034950286149979, 0.007230300456285477, 0.006017337553203106, 0.006133812479674816, 0.005612624809145927, 0.005154546350240707, 0.004394475370645523], "train_acc": [0.9713344594594595, 0.9947905405405405, 0.996570945945946, 0.9973378378378378, 0.9979087837837838, 0.99825, 0.9982837837837838, 0.9985540540540541, 0.9986722972972973, 0.9987905405405405]}